catalog,schema,table,column,uc_comment,uc_tags,is_primary_key,is_foreign_key,is_inferred_relationship,inferred_relationship_target,source_system
logistics,shipping,carriers,carrier_id,,,true,false,false,,logistics.shipping.carriers
logistics,shipping,carriers,carrier_name,,,false,false,false,,logistics.shipping.carriers
logistics,shipping,carriers,carrier_type,"One of: FREIGHT, PARCEL, OCEAN, RAIL",,false,false,false,,logistics.shipping.carriers
logistics,shipping,carriers,country,,,false,false,false,,logistics.shipping.carriers
logistics,shipping,shipment_items,shipment_item_id,,,true,false,false,,logistics.shipping.shipment_items
logistics,shipping,shipment_items,shipment_id,,,false,true,false,,logistics.shipping.shipment_items
logistics,shipping,shipment_items,sales_order_line_id,,,false,true,false,,logistics.shipping.shipment_items
logistics,shipping,shipment_items,quantity_shipped,,,false,false,false,,logistics.shipping.shipment_items
logistics,shipping,shipments,shipment_id,,,true,false,false,,logistics.shipping.shipments
logistics,shipping,shipments,sales_order_id,,,false,true,false,,logistics.shipping.shipments
logistics,shipping,shipments,carrier_id,,,false,true,false,,logistics.shipping.shipments
logistics,shipping,shipments,warehouse_id,,,false,true,false,,logistics.shipping.shipments
logistics,shipping,shipments,ship_date,,,false,false,false,,logistics.shipping.shipments
logistics,shipping,shipments,delivery_date,,,false,false,false,,logistics.shipping.shipments
logistics,shipping,shipments,status,,,false,false,false,,logistics.shipping.shipments
logistics,shipping,shipments,tracking_number,,,false,false,false,,logistics.shipping.shipments
logistics,shipping,warehouses,warehouse_id,,,true,false,false,,logistics.shipping.warehouses
logistics,shipping,warehouses,warehouse_name,,,false,false,false,,logistics.shipping.warehouses
logistics,shipping,warehouses,country,,,false,false,false,,logistics.shipping.warehouses
megacorp,erp,cost_centers,cost_center_id,,,true,false,false,,megacorp.erp.cost_centers
megacorp,erp,cost_centers,cost_center_name,,,false,false,false,,megacorp.erp.cost_centers
megacorp,erp,cost_centers,plant_id,,,false,true,false,,megacorp.erp.cost_centers
megacorp,erp,customers,customer_id,,,true,false,false,,megacorp.erp.customers
megacorp,erp,customers,customer_name,Customer legal/display name.,contains_pii,false,false,false,,megacorp.erp.customers
megacorp,erp,customers,industry,,,false,false,false,,megacorp.erp.customers
megacorp,erp,customers,country,,,false,false,false,,megacorp.erp.customers
megacorp,erp,customers,credit_limit,"Maximum outstanding balance approved for this customer, in USD.",sensitivity:internal,false,false,false,,megacorp.erp.customers
megacorp,erp,customers,created_at,,,false,false,false,,megacorp.erp.customers
megacorp,erp,general_ledger,gl_entry_id,,,true,false,false,,megacorp.erp.general_ledger
megacorp,erp,general_ledger,cost_center_id,,,false,true,false,,megacorp.erp.general_ledger
megacorp,erp,general_ledger,reference_invoice_id,,,false,true,false,,megacorp.erp.general_ledger
megacorp,erp,general_ledger,account_code,,,false,false,false,,megacorp.erp.general_ledger
megacorp,erp,general_ledger,debit_amount,,,false,false,false,,megacorp.erp.general_ledger
megacorp,erp,general_ledger,credit_amount,,,false,false,false,,megacorp.erp.general_ledger
megacorp,erp,general_ledger,posting_date,,,false,false,false,,megacorp.erp.general_ledger
megacorp,erp,invoice_line_items,invoice_line_item_id,,,true,false,false,,megacorp.erp.invoice_line_items
megacorp,erp,invoice_line_items,invoice_id,,,false,true,false,,megacorp.erp.invoice_line_items
megacorp,erp,invoice_line_items,description,,,false,false,false,,megacorp.erp.invoice_line_items
megacorp,erp,invoice_line_items,amount,,,false,false,false,,megacorp.erp.invoice_line_items
megacorp,erp,invoice_line_items,tax_amount,,,false,false,false,,megacorp.erp.invoice_line_items
megacorp,erp,invoices,invoice_id,,,true,false,false,,megacorp.erp.invoices
megacorp,erp,invoices,sales_order_id,,,false,true,false,,megacorp.erp.invoices
megacorp,erp,invoices,customer_id,,,false,true,false,,megacorp.erp.invoices
megacorp,erp,invoices,invoice_date,,,false,false,false,,megacorp.erp.invoices
megacorp,erp,invoices,due_date,,,false,false,false,,megacorp.erp.invoices
megacorp,erp,invoices,amount,,,false,false,false,,megacorp.erp.invoices
megacorp,erp,invoices,status,,,false,false,false,,megacorp.erp.invoices
megacorp,erp,payments,payment_id,,,true,false,false,,megacorp.erp.payments
megacorp,erp,payments,invoice_id,,,false,true,false,,megacorp.erp.payments
megacorp,erp,payments,payment_date,,,false,false,false,,megacorp.erp.payments
megacorp,erp,payments,amount,,,false,false,false,,megacorp.erp.payments
megacorp,erp,payments,payment_method,,,false,false,false,,megacorp.erp.payments
megacorp,erp,purchase_order_lines,purchase_order_line_id,,,true,false,false,,megacorp.erp.purchase_order_lines
megacorp,erp,purchase_order_lines,purchase_order_id,,,false,true,false,,megacorp.erp.purchase_order_lines
megacorp,erp,purchase_order_lines,material_id,,,false,true,false,,megacorp.erp.purchase_order_lines
megacorp,erp,purchase_order_lines,quantity,,,false,false,false,,megacorp.erp.purchase_order_lines
megacorp,erp,purchase_order_lines,unit_cost,,,false,false,false,,megacorp.erp.purchase_order_lines
megacorp,erp,purchase_orders,purchase_order_id,,,true,false,false,,megacorp.erp.purchase_orders
megacorp,erp,purchase_orders,vendor_id,,,false,true,false,,megacorp.erp.purchase_orders
megacorp,erp,purchase_orders,order_date,,,false,false,false,,megacorp.erp.purchase_orders
megacorp,erp,purchase_orders,status,,,false,false,false,,megacorp.erp.purchase_orders
megacorp,erp,purchase_orders,total_amount,,,false,false,false,,megacorp.erp.purchase_orders
megacorp,erp,sales_order_lines,sales_order_line_id,,,true,false,false,,megacorp.erp.sales_order_lines
megacorp,erp,sales_order_lines,sales_order_id,,,false,true,false,,megacorp.erp.sales_order_lines
megacorp,erp,sales_order_lines,material_id,,,false,true,false,,megacorp.erp.sales_order_lines
megacorp,erp,sales_order_lines,quantity,,,false,false,false,,megacorp.erp.sales_order_lines
megacorp,erp,sales_order_lines,unit_price,,,false,false,false,,megacorp.erp.sales_order_lines
megacorp,erp,sales_orders,sales_order_id,,,true,false,false,,megacorp.erp.sales_orders
megacorp,erp,sales_orders,customer_id,,,false,true,false,,megacorp.erp.sales_orders
megacorp,erp,sales_orders,order_date,,,false,false,false,,megacorp.erp.sales_orders
megacorp,erp,sales_orders,status,,,false,false,false,,megacorp.erp.sales_orders
megacorp,erp,sales_orders,total_amount,,,false,false,false,,megacorp.erp.sales_orders
megacorp,erp,vendors,vendor_id,,,true,false,false,,megacorp.erp.vendors
megacorp,erp,vendors,vendor_name,Vendor legal/display name.,contains_pii,false,false,false,,megacorp.erp.vendors
megacorp,erp,vendors,country,,,false,false,false,,megacorp.erp.vendors
megacorp,erp,vendors,payment_terms,,,false,false,false,,megacorp.erp.vendors
megacorp,factory,bill_of_materials,bom_id,,,true,false,false,,megacorp.factory.bill_of_materials
megacorp,factory,bill_of_materials,parent_material_id,,,false,true,false,,megacorp.factory.bill_of_materials
megacorp,factory,bill_of_materials,component_material_id,,,false,true,false,,megacorp.factory.bill_of_materials
megacorp,factory,bill_of_materials,quantity_required,,,false,false,false,,megacorp.factory.bill_of_materials
megacorp,factory,machine_sensor_readings,reading_id,,,true,false,false,,megacorp.factory.machine_sensor_readings
megacorp,factory,machine_sensor_readings,machine_id,,,false,true,false,,megacorp.factory.machine_sensor_readings
megacorp,factory,machine_sensor_readings,reading_timestamp,,,false,false,false,,megacorp.factory.machine_sensor_readings
megacorp,factory,machine_sensor_readings,temperature_c,,,false,false,false,,megacorp.factory.machine_sensor_readings
megacorp,factory,machine_sensor_readings,vibration_mm_s,,,false,false,false,,megacorp.factory.machine_sensor_readings
megacorp,factory,machine_sensor_readings,pressure_bar,,,false,false,false,,megacorp.factory.machine_sensor_readings
megacorp,factory,machines,machine_id,,,true,false,false,,megacorp.factory.machines
megacorp,factory,machines,production_line_id,,,false,true,false,,megacorp.factory.machines
megacorp,factory,machines,machine_type,,,false,false,false,,megacorp.factory.machines
megacorp,factory,machines,install_date,,,false,false,false,,megacorp.factory.machines
megacorp,factory,machines,status,,,false,false,false,,megacorp.factory.machines
megacorp,factory,materials,material_id,,,true,false,false,,megacorp.factory.materials
megacorp,factory,materials,material_name,,,false,false,false,,megacorp.factory.materials
megacorp,factory,materials,material_type,"RAW_MATERIAL, COMPONENT, or FINISHED_GOOD",,false,false,false,,megacorp.factory.materials
megacorp,factory,materials,unit_of_measure,,,false,false,false,,megacorp.factory.materials
megacorp,factory,materials,standard_cost,,,false,false,false,,megacorp.factory.materials
megacorp,factory,operators,operator_id,,,true,false,false,,megacorp.factory.operators
megacorp,factory,operators,plant_id,,,false,true,false,,megacorp.factory.operators
megacorp,factory,operators,operator_name,Operator full name.,contains_pii,false,false,false,,megacorp.factory.operators
megacorp,factory,operators,hire_date,,,false,false,false,,megacorp.factory.operators
megacorp,factory,operators,certification_level,,,false,false,false,,megacorp.factory.operators
megacorp,factory,plants,plant_id,,,true,false,false,,megacorp.factory.plants
megacorp,factory,plants,plant_name,,,false,false,false,,megacorp.factory.plants
megacorp,factory,plants,location,,,false,false,false,,megacorp.factory.plants
megacorp,factory,plants,country,,,false,false,false,,megacorp.factory.plants
megacorp,factory,plants,capacity_units_per_day,,,false,false,false,,megacorp.factory.plants
megacorp,factory,production_lines,production_line_id,,,true,false,false,,megacorp.factory.production_lines
megacorp,factory,production_lines,plant_id,,,false,true,false,,megacorp.factory.production_lines
megacorp,factory,production_lines,line_name,,,false,false,false,,megacorp.factory.production_lines
megacorp,factory,production_lines,line_type,,,false,false,false,,megacorp.factory.production_lines
megacorp,factory,quality_inspections,inspection_id,,,true,false,false,,megacorp.factory.quality_inspections
megacorp,factory,quality_inspections,work_order_id,,,false,true,false,,megacorp.factory.quality_inspections
megacorp,factory,quality_inspections,inspector_name,Inspector full name.,contains_pii,false,false,false,,megacorp.factory.quality_inspections
megacorp,factory,quality_inspections,inspection_date,,,false,false,false,,megacorp.factory.quality_inspections
megacorp,factory,quality_inspections,result,,,false,false,false,,megacorp.factory.quality_inspections
megacorp,factory,quality_inspections,defect_count,,,false,false,false,,megacorp.factory.quality_inspections
megacorp,factory,quality_inspections,operator_id,The operator believed responsible for the inspection outcome. Not a declared FK.,,false,false,true,megacorp.factory.operators,megacorp.factory.quality_inspections
megacorp,factory,shifts,shift_id,,,true,false,false,,megacorp.factory.shifts
megacorp,factory,shifts,plant_id,,,false,true,false,,megacorp.factory.shifts
megacorp,factory,shifts,shift_name,,,false,false,false,,megacorp.factory.shifts
megacorp,factory,shifts,start_time,,,false,false,false,,megacorp.factory.shifts
megacorp,factory,shifts,end_time,,,false,false,false,,megacorp.factory.shifts
megacorp,factory,work_order_operators,work_order_id,,,true,true,false,,megacorp.factory.work_order_operators
megacorp,factory,work_order_operators,operator_id,,,true,true,false,,megacorp.factory.work_order_operators
megacorp,factory,work_order_operators,shift_id,,,true,true,false,,megacorp.factory.work_order_operators
megacorp,factory,work_order_operators,hours_worked,,,false,false,false,,megacorp.factory.work_order_operators
megacorp,factory,work_orders,work_order_id,,,true,false,false,,megacorp.factory.work_orders
megacorp,factory,work_orders,production_line_id,,,false,true,false,,megacorp.factory.work_orders
megacorp,factory,work_orders,material_id,,,false,true,false,,megacorp.factory.work_orders
megacorp,factory,work_orders,quantity_planned,,,false,false,false,,megacorp.factory.work_orders
megacorp,factory,work_orders,quantity_produced,,,false,false,false,,megacorp.factory.work_orders
megacorp,factory,work_orders,start_date,,,false,false,false,,megacorp.factory.work_orders
megacorp,factory,work_orders,end_date,,,false,false,false,,megacorp.factory.work_orders
megacorp,factory,work_orders,status,"One of: PLANNED, IN_PROGRESS, COMPLETED, CANCELLED.",,false,false,false,,megacorp.factory.work_orders